Role Name,Inline Policies,Managed Policies
access-mdaq-aladdin-sftp-prod,,"write_s3_mdaq-aladdin-sftp-prod, read_s3_mdaq-aladdin-sftp-prod"
admin,,AdministratorAccess
admin-control-host-role,"allow-admin-sagittarius, allow-cluster-admin-markarian","allow-admin-fliq-prod, AmazonS3FullAccess, allow-access-to-terraform-locktable, allow-admin-prod-acc, allow-admin-mdaq-devtest-account, allow-admin-mdaq-lpe-account, allow-admin-fliq-nonprod, allow-admin-mdaq-nonprod-account, allow-admin-baba-nonprod-account, allow-access-to-s3-lambda-shared-nonprod, allow-admin-BOB-accounts, allow-admin-mdaq-control, allow-admin-aws-baba"
aladdin-pricing-prod,,"allow_to_publish_prod_gmpay-events-audit, allow_to_read_dynamotable_prod_aladdin-pricing, allow_to_write_dynamotable_prod_aladdin-pricing, allow_to_write_dynamotable_prod_pricing-sheet-by-threshold, allow_to_read_dynamotable_prod_aladdin-pricing-v2, allow-aladdinResourceAccessRole-to-prod-account_jp, allow-aladdinResourceAccessRole-to-prod-account, allow_to_write_dynamotable_prod_pricing-sheet-by-ref-id, allow_to_read_dynamotable_prod_pricing-sheet-by-ref-id, allow_to_read_dynamotable_prod_pricing-sheet-by-threshold, allow_to_write_dynamotable_prod_aladdin-pricing-v2"
aladdin-pricing-prod_jp,,"allow_to_write_dynamotable_prod_pricing-sheet-by-threshold, allow_to_read_dynamotable_prod_aladdin-pricing_jp, allow_to_write_dynamotable_prod_aladdin-pricing_jp, allow_to_write_dynamotable_prod_aladdin-pricing-v2_jp, allow_to_read_dynamotable_prod_aladdin-pricing-v2_jp, allow_to_read_dynamotable_prod_pricing-sheet-by-ref-id, allow_to_read_dynamotable_prod_pricing-sheet-by-threshold, allow_to_publish_prod_gmpay-events-audit_jp"
aladdin-processor-bcp,,"gmpay-sqs-dlq-retryer-processor-access-bcp, allow_to_read_dynamotable_prod_accumulated_nonsale_amount, allow_to_publish_prod_gmpay-processed-advices_jp"
aladdin-processor-prod,,"allow_to_read_dynamotable_prod_accumulated_nonsale_amount, gmpay-sqs-dlq-retryer-processor-access-prod, allow_to_publish_prod_gmpay-processed-advices"
aladdin-settlement-prod,,"allow_to_subscribe_prod_gmpay-settlement, allow_to_publish_prod_gmpay-settlement"
alertWhenSQSMoreThanNMessages-role-kq4kelh0,,"AmazonSQSReadOnlyAccess, AWSLambdaBasicExecutionRole-981ac967-8faa-4ce6-9c73-f7ecb17d51b5"
alipay-sftp-user-role-bcp,alipay-sftp-list-pol-bcp,"read_s3_mdaq-alipay-sftp-bcp_jp, write_s3_mdaq-alipay-sftp-bcp_jp"
alipay-sftp-user-role-prod,alipay-sftp-list-pol-prod,"read_s3_mdaq-alipay-sftp-prod, write_s3_mdaq-alipay-sftp-prod"
allow-log-to-s3-prod-k8s,allow_logs_s3_k8s_prod_policy,
allow-s3-m-daq-prod-cloudtrail-replication-role,,allow-s3-m-daq-prod-cloudtrail-replication-policy
allow-s3-m-daq-prod-cloudtrail-sync-role,,allow-s3-m-daq-prod-cloudtrail-sync-policy
allow-s3-sre-client-keys-nonprod-guest-role,AllowS3PrefixListingPolicy,"allow-sre-client-keys-fuat-s3-read-only-policy, allow-sre-client-keys-uat-s3-read-only-policy, allow-sre-client-keys-archive-s3-read-only-policy"
allow-s3-sre-client-keys-nonprod-maintainer-role,AllowS3PrefixListingPolicy,"allow-sre-client-keys-uat-s3-read-write-policy, allow-sre-client-keys-fuat-s3-read-write-policy, allow-sre-client-keys-archive-s3-read-only-policy"
allow-s3-sre-client-keys-prod-admin-role,AllowS3PrefixListingPolicy,"allow-sre-client-keys-prod-s3-read-write-policy, allow-sre-client-keys-uat-s3-read-write-policy, allow-sre-client-keys-fuat-s3-read-write-policy, allow-sre-client-keys-archive-s3-read-write-policy"
allow-s3-sre-client-keys-prod-guest-role,AllowS3PrefixListingPolicy,"allow-sre-client-keys-fuat-s3-read-only-policy, allow-sre-client-keys-uat-s3-read-only-policy, allow-sre-client-keys-archive-s3-read-only-policy, allow-sre-client-keys-prod-s3-read-only-policy"
allow-s3-sre-client-keys-prod-maintainer-role,AllowS3PrefixListingPolicy,"allow-sre-client-keys-uat-s3-read-write-policy, allow-sre-client-keys-fuat-s3-read-write-policy, allow-sre-client-keys-archive-s3-read-only-policy, allow-sre-client-keys-prod-s3-read-only-policy"
allow-s3-sre-client-keys-test,TEST,
AmazonAppStreamServiceAccess,,AmazonAppStreamServiceAccess
api_gw_cloudwatch_logs_role,,AmazonAPIGatewayPushToCloudWatchLogs
api_gw_cloudwatch_logs_role_jp,,AmazonAPIGatewayPushToCloudWatchLogs
ApplicationAutoScalingForAmazonAppStreamAccess,,ApplicationAutoScalingForAmazonAppStreamAccess
AutoDiscovery-prod,,
aws-config-rule-monitoring-role,,"AWSConfigRulesExecutionRole, AWSLambdaBasicExecutionRole-dbda9ae6-a78a-494b-a8f6-e6ced6302fa7"
aws-ec2-spot-fleet-role,,AmazonEC2SpotFleetRole
aws-ec2-spot-fleet-tagging-role,,AmazonEC2SpotFleetTaggingRole
aws-quicksight-service-role-v0,,"AWSQuicksightAthenaAccess, AWSQuickSightS3Policy, AWSQuickSightIAMPolicy, AWSQuickSightRedshiftPolicy, AWSQuickSightRDSPolicy"
AWSBackupDefaultServiceRole,,"AWSBackupServiceRolePolicyForBackup, AWSBackupServiceRolePolicyForRestores"
AWSBackupRole,,"AWSBackupServiceRolePolicyForBackup, AWSBackupServiceRolePolicyForRestores"
AWSDataSyncS3BucketAccess-mcl-turquoise-data-dev-repl,,AWSDataSyncS3BucketAccess-mcl-turquoise-data-dev-repl
AWSDataSyncS3BucketAccess-mcl-turquoise-data-prod,,AWSDataSyncS3BucketAccess-mcl-turquoise-data-prod
AWSGlueServiceRole-ForVpcFlowLogs,,"AWSGlueServiceRole, AWSGlueServiceRole-ForVpcFlowLogs"
AWSGlueServiceRole-m_daq_cloudtrail_2020_crawler,,"AWSGlueServiceRole, AWSGlueServiceRole-m_daq_cloudtrail_2020_crawler"
AWSServiceRoleForAmazonEKS,,AmazonEKSServiceRolePolicy
AWSServiceRoleForAmazonEKSNodegroup,,AWSServiceRoleForAmazonEKSNodegroup
AWSServiceRoleForAmazonElasticFileSystem,,AmazonElasticFileSystemServiceRolePolicy
AWSServiceRoleForAmazonElasticsearchService,,AmazonElasticsearchServiceRolePolicy
AWSServiceRoleForAmazonGuardDuty,,AmazonGuardDutyServiceRolePolicy
AWSServiceRoleForAmazonSSM,,AmazonSSMServiceRolePolicy
AWSServiceRoleForAPIGateway,,APIGatewayServiceRolePolicy
AWSServiceRoleForApplicationAutoScaling_AppStreamFleet,,AWSApplicationAutoscalingAppStreamFleetPolicy
AWSServiceRoleForApplicationAutoScaling_DynamoDBTable,,AWSApplicationAutoscalingDynamoDBTablePolicy
AWSServiceRoleForApplicationAutoScaling_ECSService,,AWSApplicationAutoscalingECSServicePolicy
AWSServiceRoleForAutoScaling,,AutoScalingServiceRolePolicy
AWSServiceRoleForAWSLicenseManagerRole,,AWSLicenseManagerServiceRolePolicy
AWSServiceRoleForBackup,,AWSBackupServiceLinkedRolePolicyForBackup
AWSServiceRoleForClientVPN,,ClientVPNServiceRolePolicy
AWSServiceRoleForCloudFrontLogger,,AWSCloudFrontLogger
AWSServiceRoleForCloudWatchCrossAccount,,CloudWatch-CrossAccountAccess
AWSServiceRoleForConfig,,AWSConfigServiceRolePolicy
AWSServiceRoleForDynamoDBReplication,,DynamoDBReplicationServiceRolePolicy
AWSServiceRoleForEC2Spot,,AWSEC2SpotServiceRolePolicy
AWSServiceRoleForEC2SpotFleet,,AWSEC2SpotFleetServiceRolePolicy
AWSServiceRoleForECS,,AmazonECSServiceRolePolicy
AWSServiceRoleForElasticLoadBalancing,,AWSElasticLoadBalancingServiceRolePolicy
AWSServiceRoleForGlobalAccelerator,,AWSGlobalAcceleratorSLRPolicy
AWSServiceRoleForLambdaReplicator,,AWSLambdaReplicator
AWSServiceRoleForOrganizations,,AWSOrganizationsServiceTrustPolicy
AWSServiceRoleForRDS,,AmazonRDSServiceRolePolicy
AWSServiceRoleForServiceQuotas,,ServiceQuotasServiceRolePolicy
AWSServiceRoleForSSO,,AWSSSOServiceRolePolicy
AWSServiceRoleForSupport,,AWSSupportServiceRolePolicy
AWSServiceRoleForTrustedAdvisor,,AWSTrustedAdvisorServiceRolePolicy
AWS_Events_Actions_Execution,oneClick_AWS_Events_Actions_Execution_1481265959079,
barman,"allow-assume-eks-roles, barman-s3-access, CloudFront-read-invalidate, rds-monitoring","assume_other_account_rundeck_role, AmazonEC2ReadOnlyAccess, allow-start-stop-dms, AmazonDynamoDBReadOnlyAccess, allow-sendEmail-as-mdaqops, rundeck-s3-access, allow-manage-mpay-lambda-prod, allow-manage-dms"
bugaboobot-executor,log-writer,
centaurus-bcp-eks-cluster-role,,"AmazonEKSClusterPolicy, AmazonEKSServicePolicy"
centaurus-common-pool,,"AmazonEKSWorkerNodePolicy, AmazonEC2ContainerRegistryReadOnly, AmazonEKS_CNI_Policy, centaurus-allow-sts, centaurus-common"
centaurus-pool-compute,,"AmazonEKSWorkerNodePolicy, AmazonEC2ContainerRegistryReadOnly, AmazonEKS_CNI_Policy, centaurus-allow-sts"
centaurus-pool-service,,"AmazonEKSWorkerNodePolicy, AmazonEC2ContainerRegistryReadOnly, AmazonEKS_CNI_Policy, centaurus-allow-sts"
cert-manager,,update_route53
CloudCheckrRole,,CloudCheckr-ReadOnly
CloudConformity,,"CloudConformityPart1, CloudConformityPart2"
CloudTrail_CloudWatchLogs_Role,oneClick_CloudTrail_CloudWatchLogs_Role_1493089584970,
CloudWatchDashboard-ReadOnlyAccessWithLogs-RAICHU-TQMLSC0L,,CloudWatchDashboard-ReadOnlyAccessWithLogs-RAICHU-TQMLSC0L
cloudwatch_to_elasticsearch_logging,,"AWSLambdaVPCAccessExecutionRole, AmazonElasticsearchServicePolicy, cloudwatch_to_elasticsearch_logging"
config-role-ap-southeast-1,,"AWSConfigRole, config-role-ap-southeast-1_AWSConfigDeliveryPermissions_ap-southeast-1"
consul,allow-consul-s3-bucket,
container-assets-manager,,allow-crud-com.m-daq.docker-bucket
db-mpay-test,,AmazonEC2FullAccess
DeepSecurity,DeepSecurity,
DeepSecuritySetup-eab91f67e-LambdaExecutionRole-KULE36LPKD4H,root,
demo-s3-buckets,,allow-s3-access-demo-buckets
dev-snapshot,,
development,,AmazonEC2FullAccess
dms-cloudwatch-logs-role,,AmazonDMSCloudWatchLogsRole
dms-vpc-role,,AmazonDMSVPCManagementRole
dynamo-advice-saver-bcp,,"allow_to_write_dynamotable_prod_OrderAdvice, allow_to_read_dynamotable_prod_OrderAdvice, allow_to_read_dynamotable_prod_accumulated_nonsale_amount, allow_pull_to_queue_prod_gmpay-advices-saver-dynamo_jp, allow_decrypt_using_sqs_cmk_bcp, allow_to_write_dynamotable_prod_accumulated_nonsale_amount"
dynamo-advice-saver-prod,,"allow_to_write_dynamotable_prod_OrderAdvice, allow_to_read_dynamotable_prod_OrderAdvice, allow_pull_to_queue_prod_gmpay-advices-saver-dynamo, allow_to_read_dynamotable_prod_accumulated_nonsale_amount, allow_decrypt_using_sqs_cmk_prod, allow_to_write_dynamotable_prod_accumulated_nonsale_amount"
DynamoDBAutoscaleRole,,DynamoDBAutoscalePolicy
ecsAutoscaleRole,,AmazonEC2ContainerServiceAutoscaleRole
ecsTaskExecutionRole,,"AmazonS3FullAccess, AmazonECSTaskExecutionRolePolicy"
eks-centaurus-admin,,
eks-centaurus-bcp-admin,,
eks-centaurus-bcp-operator,,
eks-centaurus-bcp-readonly,,
eks-centaurus-clusterautoscaler,cluster_autoscaler,
eks-markarian-admin,,
eks-markarian-buildsvr-admin,,
eks-markarian-buildsvr-operator,,
eks-markarian-buildsvr-readonly,,
eks-markarian-clusterautoscaler,cluster_autoscaler,
eks-markarian-itest-admin,,
eks-markarian-itest-operator,,
eks-markarian-itest-readonly,,
eks-markarian-itest-support,,
eks-markarian-support-prod-admin,,
eks-markarian-support-prod-operator,,
eks-markarian-support-prod-readonly,,
eks-markarian-utils-admin,,
eks-markarian-utils-nonprod-admin,,
eks-markarian-utils-nonprod-operator,,
eks-markarian-utils-nonprod-readonly,,
eks-markarian-utils-operator,,
eks-markarian-utils-readonly,,
eks-sagittarius-admin,,
eks-sagittarius-clusterautoscaler,cluster_autoscaler,
eks-sagittarius-prod-admin,,
eks-sagittarius-prod-operator,,
eks-sagittarius-prod-readonly,,
FortiAuthenticator,,AmazonSesSendingAccess
gmpay-sftp-user-role-prod,gmpay-sftp-list-pol-prod,"write_s3_mdaq-aladdin-sftp-prod, read_s3_mdaq-aladdin-sftp-prod"
gmpay-sftp-user-role-prod_jp,gmpay-sftp-list-pol-prod,"read_s3_mdaq-aladdin-sftp-bcp_jp, write_s3_mdaq-aladdin-sftp-bcp_jp"
hoothoot-AD-role,,S3-allow-access.for.hoothoot.AD
host-vault-role,,vault-s3-fullaccess
jdd-sftp-user-role-prod,jdd-sftp-list-pol-prod,allow_read_write_s3_mdaq-jdd-sftp-prod_role
Jenkins,"acme.sh_letsencrypt_jenkins_gitlab, allow-assume-buildvr-admin, policygen-Jenkins-201608231449, policygen-Jenkins-201702131146",cert-manager-route53
jenkins-default,allow-read-write-s3-tms-dev.m-daq.com,
jenkins-terraform,allow-cluster-admin-markarian,"AmazonS3FullAccess, allow-access-to-terraform-locktable, allow-admin-sagittarius"
KFC,"access_storage_bucket_bcp, allow-cloudwatch-logs-write, allow-ebs-creation, allow-read-mdaq-payments-sftp-bcp, allow-write-mdaq-payments-sftp-bcp, allow_to_read_write_dynamotable_prod_rfq-fx-price, email-templates-bcp-access","AmazonEC2ReadOnlyAccess, s3-full-access-to-tms-reports-archive, allow-to-read-dynamo-unified-mpay-order-advices-index-bcp, read_s3_bcp-rfq-sim_jp, allow_to_read_dynamotable_prod_unified-mpay-order-advices_jp, allow_to_publish_prod_rfq-notification_jp, allow_to_write_dynamotable_prod_unified-mpay-order-advices_jp, allow_to_publish_prod_notifs-rfq-sim_jp, read_s3_unified-mpay-pricing-sheet-bcp, write_s3_unified-mpay-pricing-sheet-bcp, allow_to_publish_prod_notifs-threshold_jp, allow_to_publish_prod_notifs-workflow_jp, write_s3_bcp-rfq-sim_jp, allow_to_publish_prod_notifs-settlement_jp, allow_to_subscribe_prod_rfq-notification_jp"
krisshop-sftp-user-role-prod,krisshop-sftp-list-pol-prod,allow_read_write_s3_mdaq-krisshop-sftp-prod_role
L3-Role,DataPipelineEC2-L3-Role-201406191024,
laas-prod-ZappaLambdaExecutionRole,zappa-permissions,
lambda-payment-dispatcher-bcp,allow-invoke-payment-dispatcher-bcp,
lambda-payment-dispatcher-prod,allow-invoke-payment-dispatcher-prod,
lambda-payments-creation-bcp,allow-invoke-payment-creation-bcp,
lambda-payments-creation-prod,allow-invoke-payment-creation-prod,
lambda-payments-retrieval-bcp,allow-invoke-payment-retrieval-bcp,
lambda-payments-retrieval-prod,allow-invoke-payment-retrieval-prod,
lambda-stockwatcher-turg-edge-prod,,"lambda-stockwatcher-turg-edge-prod-logs, lambda-stockwatcher-turg-edge-prod-inline"
LambdaS3SesForwarder,allows-ses-s3-inbox-ses.mdaq.net,AmazonS3ReadOnlyAccess
lambda_basic_execution,"disable-enable-cloudwatch-alarm-actions, Lambda-AMI-Backups, oneClick_lambda_basic_execution_1461578228248, permission-to-decrypt-kms, policygen-lambda_basic_execution-201609191837",AmazonEC2ReadOnlyAccess
lambda_Ec2_Resize,policygen-lambda_Ec2_Resize-201705191309,"AmazonEC2ReadOnlyAccess, CloudWatchReadOnlyAccess"
lambda_Ec2_Start_Stop,,lambda-ec2-start-stop-whitelisted-instances
lambda_elb_logs_cloudwatch_logs,"allow_access_to_cloudwatch_logs, allow_s3_read_access",
lambda_manage_loggroup_subscription_to_lambda,oneClick_lambda_basic_execution_1509960654817,
lambda_role_bcp-excel-to-pdf,,"AWSLambdaBasicExecutionRole, write_s3_mdaq-payments-sftp-ops-bcp, read_s3_mdaq-payments-sftp-ops-bcp, read_s3_mdaq-payments-sftp-ops-prod, write_s3_mdaq-payments-sftp-ops-prod"
lambda_role_bcp-mdaq-internal-authorizer_jp,,AWSLambdaBasicExecutionRole
lambda_role_bcp-payment-approval,,AWSLambdaVPCAccessExecutionRole
lambda_role_bcp-payment-creation,,"AWSLambdaVPCAccessExecutionRole, allow_push_to_queue_bcp_payment, allow_lambda_kms_access-bcp, allow_to_read_dynamotable_bcp_payment, allow_to_write_dynamotable_bcp_payment"
lambda_role_bcp-payment-dispatcher,,"AWSLambdaVPCAccessExecutionRole, allow_administer_queue_bcp_payment, allow_decrypt_using_sqs_cmk_bcp"
lambda_role_bcp-payment-file-upload,,"AWSLambdaVPCAccessExecutionRole, allow-s3-payment-file-upload-ap-northeast-1-bcp"
lambda_role_bcp-payment-retrieval,,"AWSLambdaVPCAccessExecutionRole, allow_to_read_dynamotable_bcp_payment, allow_to_write_dynamotable_bcp_payment"
lambda_role_bcp-payment-retry,,"AWSLambdaVPCAccessExecutionRole, allow_push_to_queue_bcp_payment, allow_lambda_kms_access-bcp, allow_administer_queue_bcp_payment-dlq"
lambda_role_bcp-rfq-find-quote,,"AWSLambdaBasicExecutionRole, allow_to_write_dynamotable_contractId-index_dev_rfq-quote-polling, allow_to_read_dynamotable_prod_rfq-fx-price_jp, allow_to_write_dynamotable_prod_rfq-fx-price_jp"
lambda_role_bcp-s3-mail-attachment_jp,,"AWSLambdaBasicExecutionRole, read_s3_mdaq-payments-sftp-bcp"
lambda_role_bcp-s3-payments-to-email,,"SecretsManagerReadWrite, AWSLambdaBasicExecutionRole, write_s3_mdaq-payments-sftp-ops-bcp, read_s3_mdaq-payments-sftp-prod, write_s3_mdaq-payments-sftp-bcp, read_s3_mdaq-payments-sftp-ops-bcp, read_s3_mdaq-payments-sftp-bcp, write_s3_mdaq-payments-sftp-prod, read_s3_mdaq-payments-sftp-ops-prod, write_s3_mdaq-payments-sftp-ops-prod"
lambda_role_bcp-wallex-transaction-update,,AWSLambdaVPCAccessExecutionRole
lambda_role_prod-api-gw-api-path-rewrite-lambda,,
lambda_role_prod-excel-to-pdf,,"AWSLambdaBasicExecutionRole, read_s3_mdaq-payments-sftp-ops-prod, write_s3_mdaq-payments-sftp-ops-prod"
lambda_role_prod-gmpay-camunda-deployment,,"read_s3_prod-camunda20180209060140506800000008, AWSLambdaVPCAccessExecutionRole"
lambda_role_prod-gmpay-camunda-deployment_jp,,"AWSLambdaVPCAccessExecutionRole, read_s3_bcp-camunda2019102208243871570000000c"
lambda_role_prod-gmpay-dlq-processor,,"allow_administer_queue_prod_mpay-order-dlq, AWSLambdaBasicExecutionRole, allow_to_write_dynamotable_prod_gmpay-unprocessed-advice, allow_decrypt_using_sqs_cmk_prod, allow_to_read_dynamotable_prod_gmpay-unprocessed-advice"
lambda_role_prod-gmpay-dlq-processor_jp,,"AWSLambdaBasicExecutionRole, allow_to_write_dynamotable_prod_gmpay-unprocessed-advice, allow_administer_queue_prod_mpay-order-dlq_jp, allow_decrypt_using_sqs_cmk_bcp, allow_to_read_dynamotable_prod_gmpay-unprocessed-advice"
lambda_role_prod-gmpay-hedge-unwind,,"AWSLambdaVPCAccessExecutionRole, gmpay-decline-ps-secrets-prod, gmpay-hedge-unwind-pol-prod"
lambda_role_prod-gmpay-hedge-unwind_jp,,AWSLambdaVPCAccessExecutionRole
lambda_role_prod-gmpay-place-order,,"allow_to_write_dynamotable_prod_OrderAdvice, allow_to_publish_prod_gmpay-advices-in, allow_to_read_dynamotable_prod_OrderAdvice, AWSLambdaBasicExecutionRole"
lambda_role_prod-gmpay-place-order_jp,,"allow_to_write_dynamotable_prod_OrderAdvice, allow_to_read_dynamotable_prod_OrderAdvice, AWSLambdaBasicExecutionRole, allow_to_publish_prod_gmpay-advices-in_jp"
lambda_role_prod-gmpay-pricingsheet,,"allow_to_publish_prod_gmpay-events-audit, allow_to_read_dynamotable_prod_aladdin-pricing, AWSLambdaVPCAccessExecutionRole, allow_to_read_dynamotable_prod_aladdin-pricing-v2, allow_to_read_dynamotable_prod_pricing-sheet-by-threshold"
lambda_role_prod-gmpay-pricingsheet-decline,,"AWSLambdaVPCAccessExecutionRole, allow_to_read_dynamotable_prod_aladdin-pricing-v2, allow_to_read_dynamotable_prod_PS_decline_log, gmpay-decline-ps-secrets-prod, allow_to_write_dynamotable_prod_PS_decline_log, gmpay-decline-ps-pol-prod, allow_to_publish_prod_gmpay-decline-ps-topic"
lambda_role_prod-gmpay-pricingsheet-decline_jp,,AWSLambdaVPCAccessExecutionRole
lambda_role_prod-gmpay-pricingsheet_jp,,"AWSLambdaVPCAccessExecutionRole, allow_to_read_dynamotable_prod_aladdin-pricing_jp, allow_to_read_dynamotable_prod_aladdin-pricing-v2_jp, allow_to_read_dynamotable_prod_pricing-sheet-by-threshold, allow_to_publish_prod_gmpay-events-audit_jp"
lambda_role_prod-gmpay-ps-pull-statistics,,"AWSLambdaBasicExecutionRole, allow_to_write_dynamotable_prod_gmpay-ps-pull-stat"
lambda_role_prod-gmpay-ps-pull-statistics-report,,"AWSLambdaBasicExecutionRole, allow_to_read_dynamotable_prod_gmpay-ps-pull-stat"
lambda_role_prod-gmpay-ps-pull-statistics-report_jp,,"AWSLambdaBasicExecutionRole, allow_to_read_dynamotable_prod_gmpay-ps-pull-stat_jp"
lambda_role_prod-gmpay-ps-pull-statistics_jp,,"AWSLambdaBasicExecutionRole, allow_to_write_dynamotable_prod_gmpay-ps-pull-stat_jp"
lambda_role_prod-gmpay-robot-hedge,,"AWSLambdaVPCAccessExecutionRole, gmpay-robot-hedge-secrets-prod, gmpay-robot-hedge-pol-prod"
lambda_role_prod-gmpay-robot-hedge_jp,,AWSLambdaVPCAccessExecutionRole
lambda_role_prod-gmpay-security,,"allow_to_read_dynamotable_mpay-authentication-prod, AWSLambdaBasicExecutionRole"
lambda_role_prod-gmpay-security_jp,,"AWSLambdaBasicExecutionRole, allow_to_read_dynamotable_mpay-authentication-prod_jp"
lambda_role_prod-gmpay-settlement-sns-to-slack,,AWSLambdaBasicExecutionRole
lambda_role_prod-gmpay-sqs-dlq-retryer,,"allow_administer_queue_prod_mpay-order, AWSLambdaBasicExecutionRole, allow_to_write_dynamotable_prod_gmpay-unprocessed-advice, allow_decrypt_using_sqs_cmk_prod, allow_to_read_dynamotable_prod_gmpay-unprocessed-advice"
lambda_role_prod-gmpay-sqs-dlq-retryer_jp,,"AWSLambdaBasicExecutionRole, allow_to_write_dynamotable_prod_gmpay-unprocessed-advice, allow_administer_queue_prod_mpay-order_jp, allow_decrypt_using_sqs_cmk_bcp, allow_to_read_dynamotable_prod_gmpay-unprocessed-advice"
lambda_role_prod-gmpay-sqs-poller,,"allow_administer_queue_prod_mpay-order-retry, allow_administer_queue_prod_mpay-order, allow_to_publish_prod_gmpay-advices-retry-in, allow_to_write_dynamotable_prod_OrderAdvice, allow_pull_to_queue_prod_mpay-order-retry, allow_pull_to_queue_prod_mpay-order, allow_push_to_queue_prod_mpay-order-dlq, allow_to_read_dynamotable_prod_OrderAdvice, AWSLambdaVPCAccessExecutionRole, allow_decrypt_using_sqs_cmk_prod"
lambda_role_prod-gmpay-sqs-poller_jp,,"allow_to_write_dynamotable_prod_OrderAdvice, allow_to_read_dynamotable_prod_OrderAdvice, AWSLambdaVPCAccessExecutionRole, allow_administer_queue_prod_mpay-order_jp, allow_push_to_queue_prod_mpay-order-dlq_jp, allow_pull_to_queue_prod_mpay-order_jp, allow_administer_queue_prod_mpay-order-retry_jp, allow_decrypt_using_sqs_cmk_bcp, allow_pull_to_queue_prod_mpay-order-retry_jp, allow_to_publish_prod_gmpay-advices-retry-in_jp"
lambda_role_prod-gmpay-status-query,,"allow_to_read_dynamotable_prod_OrderAdvice, AWSLambdaVPCAccessExecutionRole"
lambda_role_prod-gmpay-status-query_jp,,"allow_to_read_dynamotable_prod_OrderAdvice, AWSLambdaVPCAccessExecutionRole"
lambda_role_prod-gmpay-sync-processor,,"allow_to_write_dynamotable_prod_OrderAdvice, allow_to_read_dynamotable_prod_OrderAdvice, AWSLambdaVPCAccessExecutionRole, allow_to_publish_prod_gmpay_settlement_errors"
lambda_role_prod-gmpay-sync-processor_jp,,AWSLambdaVPCAccessExecutionRole
lambda_role_prod-mdaq-internal-authorizer,,AWSLambdaBasicExecutionRole
lambda_role_prod-mdaq-krisshop-sftp-prod-s3-obj-copy,,"AWSLambdaVPCAccessExecutionRole, allow_copy_s3_mdaq-krisshop-sftp-prod-objects-to-archive"
lambda_role_prod-mdaq-nttcom-sftp-prod-s3-obj-copy,,"AWSLambdaVPCAccessExecutionRole, allow_copy_s3_mdaq-nttcom-sftp-prod-objects-to-archive"
lambda_role_prod-mdaq-security,,"AWSLambdaBasicExecutionRole, allow_to_read_dynamotable_prod_mdaq-authentication"
lambda_role_prod-mdaq-security_jp,,"AWSLambdaBasicExecutionRole, allow_to_read_dynamotable_prod_mdaq-authentication"
lambda_role_prod-mdaq-uqpay-sftp-prod-s3-obj-copy,,"AWSLambdaVPCAccessExecutionRole, allow_copy_s3_mdaq-uqpay-sftp-prod-objects-to-archive"
lambda_role_prod-mpay-alert-message-forward,,"allow_administer_queue_prod_mpay-api-alerts, AWSLambdaVPCAccessExecutionRole, allow_decrypt_using_sqs_cmk_prod"
lambda_role_prod-mpay-alert-message-forward_jp,,"AWSLambdaVPCAccessExecutionRole, allow_administer_queue_prod_mpay-api-alerts_jp, allow_decrypt_using_sqs_cmk_bcp"
lambda_role_prod-mpay-forward-new-fx-order,,"allow_push_to_queue_prod_mpay-api-alerts, allow_administer_queue_prod_mpay-fx-order, AWSLambdaVPCAccessExecutionRole"
lambda_role_prod-mpay-forward-new-fx-order_jp,,"AWSLambdaVPCAccessExecutionRole, allow_push_to_queue_prod_mpay-api-alerts_jp, allow_administer_queue_prod_mpay-fx-order_jp"
lambda_role_prod-mpay-fx-archive-raw-requests,,"write_s3_mpay-raw-requests-archive-prod, allow_administer_queue_prod_mpay-fx-raw-request-archive, AWSLambdaVPCAccessExecutionRole"
lambda_role_prod-mpay-fx-archive-raw-requests_jp,,"AWSLambdaVPCAccessExecutionRole, write_s3_mpay-raw-requests-archive-bcp, allow_administer_queue_prod_mpay-fx-raw-request-archive_jp"
lambda_role_prod-mpay-fx-order-dls-notif,,"allow_to_publish_prod_mpay-order-dlq-failed, allow_administer_queue_prod_mpay-fx-order-dlq, AWSLambdaVPCAccessExecutionRole"
lambda_role_prod-mpay-fx-order-dls-notif_jp,,"AWSLambdaVPCAccessExecutionRole, allow_administer_queue_prod_mpay-fx-order-dlq_jp, allow_to_publish_prod_mpay-order-dlq-failed_jp"
lambda_role_prod-mpay-lambda-ps,,"allow_administer_queue_prod_mpay_ps_notif, mpay-lambda-ps-s3-access-prod, AWSLambdaVPCAccessExecutionRole"
lambda_role_prod-mpay-lambda-ps-notiier,,"allow_administer_queue_prod_mpay_ps_notif, AWSLambdaVPCAccessExecutionRole"
lambda_role_prod-mpay-lambda-ps-notiier_jp,,"AWSLambdaVPCAccessExecutionRole, allow_administer_queue_prod_mpay_ps_notif_jp"
lambda_role_prod-mpay-lambda-ps_jp,,"AWSLambdaVPCAccessExecutionRole, allow_administer_queue_prod_mpay_ps_notif_jp, mpay-lambda-ps-s3-access-bcp"
lambda_role_prod-mpay-persist-new-fx-order,,"allow_push_to_queue_prod_mpay-api-alerts, allow_to_write_dynamotable_mpay-fx-order-response-table-prod, allow_push_to_queue_prod_mpay-fx-raw-request-archive, allow_push_to_queue_prod_mpay-fx-order, AWSLambdaVPCAccessExecutionRole, allow_to_read_dynamotable_mpay-client-config-table-prod, allow_to_read_dynamotable_mpay-fx-order-response-table-prod"
lambda_role_prod-mpay-persist-new-fx-order_jp,,"AWSLambdaVPCAccessExecutionRole, allow_push_to_queue_prod_mpay-api-alerts_jp, allow_push_to_queue_prod_mpay-fx-raw-request-archive_jp, allow_push_to_queue_prod_mpay-fx-order_jp, allow_to_write_dynamotable_mpay-fx-order-response-table-prod_jp, allow_to_read_dynamotable_mpay-client-config-table-prod_jp, allow_to_read_dynamotable_mpay-fx-order-response-table-prod_jp"
lambda_role_prod-mpay-query-existing-fx-order,,"allow_push_to_queue_prod_mpay-api-alerts, allow_to_write_dynamotable_mpay-fx-order-response-table-prod, AWSLambdaVPCAccessExecutionRole, allow_to_read_dynamotable_mpay-client-config-table-prod, allow_to_read_dynamotable_mpay-fx-order-response-table-prod"
lambda_role_prod-mpay-query-existing-fx-order_jp,,"AWSLambdaVPCAccessExecutionRole, allow_push_to_queue_prod_mpay-api-alerts_jp, allow_to_write_dynamotable_mpay-fx-order-response-table-prod_jp, allow_to_read_dynamotable_mpay-client-config-table-prod_jp, allow_to_read_dynamotable_mpay-fx-order-response-table-prod_jp"
lambda_role_prod-payment-alerts-to-skype-n-slack,,AWSLambdaVPCAccessExecutionRole
lambda_role_prod-payment-approval,,AWSLambdaVPCAccessExecutionRole
lambda_role_prod-payment-approval-test,,AWSLambdaVPCAccessExecutionRole
lambda_role_prod-payment-creation,,"AWSLambdaVPCAccessExecutionRole, allow_lambda_kms_access-prod, allow_to_read_dynamotable_prod_payment, allow_push_to_queue_prod_payment, allow_to_write_dynamotable_prod_payment"
lambda_role_prod-payment-dispatcher,,"AWSLambdaVPCAccessExecutionRole, allow_administer_queue_prod_payment, allow_decrypt_using_sqs_cmk_prod"
lambda_role_prod-payment-file-upload,,"AWSLambdaVPCAccessExecutionRole, allow-s3-payment-file-upload-ap-southeast-1-prod"
lambda_role_prod-payment-retrieval,,"AWSLambdaVPCAccessExecutionRole, allow_to_read_dynamotable_prod_payment, allow_to_write_dynamotable_prod_payment"
lambda_role_prod-payment-retry,,"AWSLambdaVPCAccessExecutionRole, allow_administer_queue_prod_payment-dlq, allow_push_to_queue_prod_payment"
lambda_role_prod-rfq-find-quote,,"AWSLambdaBasicExecutionRole, allow_to_read_dynamotable_prod_rfq-fx-price, allow_to_write_dynamotable_contractId-index_dev_rfq-quote-polling, allow_to_write_dynamotable_prod_rfq-fx-price"
lambda_role_prod-rfq-quote-polling,,"AWSLambdaBasicExecutionRole, allow_to_read_dynamotable_prod_rfq-fx-price, allow_to_write_dynamotable_prod_rfq-fx-price"
lambda_role_prod-rfq-quote-polling_jp,,"AWSLambdaBasicExecutionRole, allow_to_read_dynamotable_prod_rfq-fx-price_jp, allow_to_write_dynamotable_prod_rfq-fx-price_jp"
lambda_role_prod-rfq-reserve-quote,,"AWSLambdaBasicExecutionRole, allow_to_publish_prod_rfq-notification, allow_to_read_dynamotable_prod_rfq-fx-price, allow_to_write_dynamotable_prod_rfq-fx-price"
lambda_role_prod-rfq-reserve-quote_jp,,"AWSLambdaBasicExecutionRole, allow_to_publish_prod_rfq-notification_jp, allow_to_read_dynamotable_prod_rfq-fx-price_jp, allow_to_write_dynamotable_prod_rfq-fx-price_jp"
lambda_role_prod-rfq-sns-to-slack,,AWSLambdaBasicExecutionRole
lambda_role_prod-rfq-sns-to-slack_jp,,AWSLambdaBasicExecutionRole
lambda_role_prod-rfq-update-price,,"AWSLambdaBasicExecutionRole, allow_to_read_dynamotable_prod_rfq-fx-price, allow_to_write_dynamotable_prod_rfq-fx-price"
lambda_role_prod-rfq-update-price_jp,,"AWSLambdaBasicExecutionRole, allow_to_read_dynamotable_prod_rfq-fx-price_jp, allow_to_write_dynamotable_prod_rfq-fx-price_jp"
lambda_role_prod-s3-email-template-trigger,,AWSLambdaVPCAccessExecutionRole
lambda_role_prod-s3-mail-attachment,allow-slack-alerts,"SecretsManagerReadWrite, AWSLambdaBasicExecutionRole, read_s3_mdaq-payments-sftp-prod, write_s3_mdaq-payments-sftp-prod, read_s3_mdaq-payments-sftp-ops-prod, write_s3_mdaq-payments-sftp-ops-prod"
lambda_role_prod-s3-payments-to-email,,"SecretsManagerReadWrite, AWSLambdaBasicExecutionRole, read_s3_mdaq-payments-sftp-prod, write_s3_mdaq-payments-sftp-prod, read_s3_mdaq-payments-sftp-ops-prod, write_s3_mdaq-payments-sftp-ops-prod"
lambda_role_prod-stockwatcher_turq_keycloak_authorizer,,"AWSLambdaBasicExecutionRole, stockwatcher-turq-lambda-authorizer-secrets-prod"
lambda_role_prod-unified-advice-status-endpoint,,"AWSLambdaBasicExecutionRole, allow_to_write_dynamotable_prod_unified-mpay-order-advices, allow_to_read_dynamotable_prod_unified-mpay-order-advices"
lambda_role_prod-unified-advice-status-endpoint_jp,,"AWSLambdaBasicExecutionRole, allow_to_read_dynamotable_prod_unified-mpay-order-advices_jp, allow_to_write_dynamotable_prod_unified-mpay-order-advices_jp"
lambda_role_prod-unified-get-price,,"AWSLambdaVPCAccessExecutionRole, allow_to_read_dynamotable_prod_unified-mpay-pricing-sheet"
lambda_role_prod-unified-get-price_jp,,"AWSLambdaVPCAccessExecutionRole, allow_to_read_dynamotable_prod_unified-mpay-pricing-sheet_jp"
lambda_role_prod-unified-mpay-order-acquirer,,"AWSLambdaBasicExecutionRole, allow_to_write_dynamotable_prod_unified-mpay-order-advices, allow_to_read_dynamotable_prod_unified-mpay-order-advices, allow_to_publish_prod_unified-mpay-api-notification"
lambda_role_prod-unified-mpay-order-acquirer_jp,,"AWSLambdaBasicExecutionRole, allow_to_read_dynamotable_prod_unified-mpay-order-advices_jp, allow_to_write_dynamotable_prod_unified-mpay-order-advices_jp, allow_to_publish_prod_unified-mpay-api-notification_jp"
lambda_role_prod-unified-post-order,,"AWSLambdaVPCAccessExecutionRole, allow-to-invoke-lambda-unified-mpay-order-acquirer-prod, allow_to_write_dynamotable_prod_unified-mpay-order-advices, allow_to_read_dynamotable_prod_unified-mpay-order-advices"
lambda_role_prod-unified-post-order_jp,,"AWSLambdaVPCAccessExecutionRole, allow_to_read_dynamotable_prod_unified-mpay-order-advices_jp, allow-to-invoke-lambda-unified-mpay-order-acquirer-bcp, allow_to_write_dynamotable_prod_unified-mpay-order-advices_jp"
lambda_role_prod-unified-ps-endpoint-adapter,,"AWSLambdaBasicExecutionRole, allow_to_read_dynamotable_prod_unified-mpay-pricing-sheet"
lambda_role_prod-unified-ps-endpoint-adapter_jp,,"AWSLambdaBasicExecutionRole, allow_to_read_dynamotable_prod_unified-mpay-pricing-sheet_jp"
lambda_role_prod-unified-query-status,,"AWSLambdaVPCAccessExecutionRole, allow_to_read_dynamotable_prod_unified-mpay-order-advices"
lambda_role_prod-unified-query-status_jp,,"AWSLambdaVPCAccessExecutionRole, allow_to_read_dynamotable_prod_unified-mpay-order-advices_jp"
lambda_role_prod-unified-transfer-ps-to-dynamo,,"AWSLambdaBasicExecutionRole, allow_to_write_dynamotable_prod_unified-mpay-pricing-sheet, allow_to_read_dynamotable_prod_unified-mpay-pricing-sheet, read_s3_unified-mpay-pricing-sheet-prod"
lambda_role_prod-unified-transfer-ps-to-dynamo_jp,,"AWSLambdaBasicExecutionRole, read_s3_unified-mpay-pricing-sheet-bcp, allow_to_read_dynamotable_prod_unified-mpay-pricing-sheet_jp, allow_to_write_dynamotable_prod_unified-mpay-pricing-sheet_jp"
lambda_role_prod-wallex-transaction-update,,AWSLambdaVPCAccessExecutionRole
lambda_role_shared-prod-sagittarius-logging-curator,,AWSLambdaVPCAccessExecutionRole
Lambda_SNS_to_Slack,,AWSLambdaBasicExecutionRole
Lapras-AD,,AmazonEC2ReadOnlyAccess
Loadtest,policygen-Loadtest-201701161412,
logger_to_cloudwatch,,"allow-assume-logger-to-mdaq-nonprod, AmazonS3FullAccess, CloudWatchLogsFullAccess"
LogGMPayErrorsToSlack-role-ohyarajg,,AWSLambdaBasicExecutionRole-c95cb5f9-ce58-4a34-b51e-a8cf453499be
m-daq-control-developer-dolphin-role,sagittarius_readonly_assume,"CloudWatchEventsReadOnlyAccess, AWSCloudTrailReadOnlyAccess, CloudWatchReadOnlyAccess, allow_read_only_sagittarius_eks_logs, CloudWatchSyntheticsReadOnlyAccess"
m-daq-control-developer-head-role,sagittarius_readonly_assume,"CloudWatchEventsReadOnlyAccess, ReadOnlyAccess, CloudWatchReadOnlyAccess, allow_read_only_sagittarius_eks_logs, athena-readonly, write_s3_aws_athena_bucket, CloudWatchSyntheticsReadOnlyAccess"
m-daq-control-developer-poc-role,sagittarius_readonly_assume,"CloudWatchEventsReadOnlyAccess, AWSCloudTrailReadOnlyAccess, CloudWatchReadOnlyAccess, allow_read_only_sagittarius_eks_logs, CloudWatchSyntheticsReadOnlyAccess"
m-daq-control-developer-ratel-role,sagittarius_readonly_assume,"CloudWatchEventsReadOnlyAccess, AmazonDynamoDBReadOnlyAccess, AWSCloudTrailReadOnlyAccess, CloudWatchReadOnlyAccess, allow_read_only_sagittarius_eks_logs, payment_aws_component_checklist, CloudWatchSyntheticsReadOnlyAccess"
m-daq-control-developer-role,"IF-2626-EXPIRE-20210406, sagittarius_readonly_assume","CloudWatchEventsReadOnlyAccess, CloudWatchReadOnlyAccess, athena-readonly, write_s3_aws_athena_bucket, CloudWatchSyntheticsReadOnlyAccess"
m-daq-control-developer-tms-role,"AllowS3ReadOnlyTemp, sagittarius_readonly_assume","CloudWatchEventsReadOnlyAccess, AWSCloudTrailReadOnlyAccess, CloudWatchReadOnlyAccess, allow_read_only_sagittarius_eks_logs, CloudWatchSyntheticsReadOnlyAccess"
m-daq-control-developer-trc-role,sagittarius_readonly_assume,"CloudWatchEventsReadOnlyAccess, AWSCloudTrailReadOnlyAccess, CloudWatchReadOnlyAccess, allow_read_only_sagittarius_eks_logs, athena-readonly, write_s3_aws_athena_bucket, CloudWatchSyntheticsReadOnlyAccess"
m-daq-control-developer-unicorn-role,sagittarius_readonly_assume,"CloudWatchEventsReadOnlyAccess, AmazonDynamoDBReadOnlyAccess, AWSCloudTrailReadOnlyAccess, CloudWatchReadOnlyAccess, AWSSupportAccess, allow_read_only_sagittarius_eks_logs, athena-readonly, write_s3_aws_athena_bucket, CloudWatchSyntheticsReadOnlyAccess, AWSLambda_ReadOnlyAccess"
m-daq-control-sre-role,"allow-get-and-put-objects-from-sre-cronjob-s3-bucket-prod, allow-manage-mfa, allow-readonly-to-API-Gateway, allow-view-sftp, allow_create_cloudwatch_insights_query, Allow_write_to_s3_aws-athena-query-results-175039627289-ap-southeast-1, list-all-my-buckets, markarian_readonly_assume, policy-ec2-manageInstances, resize-bcp-servers, sagittarius_operators_assume, start-stop-instances-support, support-RO-access-to-testing-logs","AWSHealthFullAccess, AmazonEC2ReadOnlyAccess, AmazonDynamoDBReadOnlyAccess, AmazonS3ReadOnlyAccess, CloudWatchLogsReadOnlyAccess, AWSCloudTrailReadOnlyAccess, CloudWatchReadOnlyAccess, AWSSupportAccess, allow_read_only_sagittarius_eks_logs, allow-readonly-dynamoDB-unified-api-tables, allow-readonly-dynamoDB-gmpay-tables, allow_to_read_dynamotable_prod_rfq-fx-price, allow-sre-s3-read-only-policy, athena-readonly, allow_get_markarian_config_kubeconfig, allow_get_sagittarius_config_kubeconfig, AmazonEventBridgeReadOnlyAccess"
m-wallet-promo-run,,
magmar,magmar-s3-access,
markarian-buildsvr-az-0,allow-andromeda-admin,"AmazonEKSWorkerNodePolicy, AmazonEC2ContainerRegistryReadOnly, AmazonEKS_CNI_Policy, markarian-common, markarian-allow-sts"
markarian-common-pool,,"AmazonEKSWorkerNodePolicy, AmazonEC2ContainerRegistryReadOnly, AmazonEKS_CNI_Policy, markarian-common, markarian-allow-sts"
markarian-shared-prod-eks-cluster-role,,"AmazonEKSClusterPolicy, AmazonEKSServicePolicy"
mcl-asean-prod-role,,"write_s3_mcl-asean-data-prod, read_s3_mcl-asean-data-prod"
mcl-korea-prod-role,,"read_s3_mcl-korea-data-prod, write_s3_mcl-korea-data-prod"
mcl-reuters-adapter-prod-role,,mcl-reuters-adapter-secrets-prod
mcl-s3-prod-role,,allow-mcl-s3-prod-access
mcl-set-prod-role,,"write_s3_mcl-set-data-prod, read_s3_mcl-set-data-prod"
mcl-sgx-prod-role,,"write_s3_mcl-sgx-data-prod, read_s3_mcl-sgx-data-prod"
mcl-stockwatcher2-data-manager-prod-role,,"allow-read-write-objects-to-mcl-buckets-for-stockwatcher2-data-manager-prod, allow-read-write-objects-in-athena-query-results-s3-bucket-prod, allow-read-objects-in-athena-s3-bucket-prod"
mcl-stockwatcher2-prod-role,,mcl-stockwatcher2-secrets-prod
mcl-stockwatcher2-trade-processor-prod-role,,mcl-stockwatcher2-trade-processor-secrets-prod
mcl-turquoise-prod-role,,"read_s3_mcl-turquoise-data-prod, write_s3_mcl-turquoise-data-prod"
mcl-turquoise-prod-role-read-only,,read_s3_mcl-turquoise-data-prod_bucket
mcl-turquoise-prod-sftp-role,,"read_s3_mcl-turquoise-data-prod-incoming, write_s3_mcl-turquoise-data-prod-incoming"
mcl-warsaw-prod-role,,"write_s3_mcl-warsaw-data-prod, read_s3_mcl-warsaw-data-prod"
mdaq-auth-role-prod,allow-invoke-mdaq-auth-prod,
mdaq-auth-role-prod_jp,allow-invoke-mdaq-auth-prod,
mdaq-internal_authorizer-role-bcp,allow-invoke-mdaq-internal-authorizer-bcp,
mdaq-internal_authorizer-role-prod,allow-invoke-mdaq-internal-authorizer-prod,
mdaq-websites,"allow-access-s3-com.m-daq.sg.nbc, policygen-mdaq-websites-201611041055","start-stop-pokestop-instance, start-stop-ec2-rpe-server, start-stop-teamcity-instance"
mdaqdev,policygen-mdaqdev-201607111901,
mdaqops,,
mdaqpreprd,s3-dbdownload-bucket-full-access,
mdaquatserver,,"AmazonEC2ReadOnlyAccess, CloudWatchFullAccess, AmazonS3ReadOnlyAccess"
metapod,,
mpay-api-gw-prod-auth-role,allow-invoke-lambda-mpay-security-prod,
mpay-api-gw-prod-auth-role_jp,allow-invoke-lambda-mpay-security-prod,
NANDOS,"allow-assume-eks-roles, allow-manage-rds, CloudFront-read-invalidate","assume_other_account_rundeck_role, AmazonEC2ReadOnlyAccess, allow-start-stop-dms, rundeck-s3-access, allow-manage-mpay-lambda-prod, allow-manage-dms"
nexus-ec2-role,,nexus-ec2-policy
NIDORAN,"allow-manage-ebs, allow-process-sqs-queues, nidoran-athena-access, nidoran-s3-access","assume_other_account_rundeck_role, allow-start-stop-dms, AmazonDynamoDBReadOnlyAccess"
nttcom-sftp-user-role-prod,nttcom-sftp-list-pol-prod,allow_read_write_s3_mdaq-nttcom-sftp-prod_role
oracle_mpay_test,,
panopticon,allow_assume_policy,"AmazonEC2ReadOnlyAccess, CloudWatchReadOnlyAccess, allow-assume-baba-prod-cloud-watch"
payment-file-upload-bcp,allow-invoke-payment-file-upload-bcp,
payment-file-upload-prod,allow-invoke-payment-file-upload-prod,
payment-processor-access-role-bcp,,
payment-processor-access-role-prod,,
payment-processor-bcp,,allow_to_write_dynamotable_bcp_payment
payment-processor-prod,,allow_to_write_dynamotable_prod_payment
payments-approval-bcp,allow-invoke-payments-approval-bcp,
payments-approval-prod,allow-invoke-payments-approval-prod,
payments-sftp-user-role-bcp,payments-sftp-list-pol-prod,"write_s3_mdaq-payments-sftp-bcp, read_s3_mdaq-payments-sftp-bcp"
payments-sftp-user-role-prod,payments-sftp-list-pol-prod,"read_s3_mdaq-payments-sftp-prod, write_s3_mdaq-payments-sftp-prod, read_s3_mdaq-payments-sftp-ops-prod, write_s3_mdaq-payments-sftp-ops-prod"
pipo-sftp-user-role-prod,pipo-sftp-list-pol-prod,allow_read_write_s3_mdaq-pipo-sftp-prod_role
pokestop2020,,AmazonSSMManagedInstanceCore
postgres-advice-saver-prod,,"allow_pull_to_queue_prod_gmpay-advices-saver-sql_jp, allow_pull_to_queue_prod_gmpay-advices-saver-sql, allow_decrypt_using_sqs_cmk_prod, allow_decrypt_using_sqs_cmk_bcp"
prod-app,write-cloudwatch-logs,
prod-db,full-access-to-dbbackup,
PROD_OrderAdvice_lambda_role,lambda_role_policy,
prototype-server,,"AmazonEC2ReadOnlyAccess, AmazonS3ReadOnlyAccess"
proxy,,"AmazonEC2FullAccess, AmazonS3FullAccess, CloudWatchFullAccess"
RAICHU,"allow-raichu-access-storage-bucket, allow-read-mdaq-payments-sftp-ops-prod, allow-read-write-mdaq-alipay-sftp-prod, allow-sendEmail-as-mdaqops, allow-tms-buckets, allow-write-mdaq-payments-sftp-ops-prod, allow_to_read_write_dynamotable_prod_rfq-fx-price, allow_write_s3_mdaq-krisshop-sftp-prod, allow_write_s3_mdaq-nttcom-sftp-prod, assume_nonprod_mdaqpreprd_role, read-write-s3-jdd-sftp-prod, Read_only_applogs, read_write_s3_mdaq-uqpay-sftp-prod, s3-access-core-email-templates, sns-pe-policy, write-cloudwatch-logs, write_access_s3_mdaq_sftp_pipo_prod","allow_to_publish_prod_gmpay-events-audit, allow_to_publish_prod_notifs-threshold, read_s3_prod-rfq-sim, AmazonEC2ReadOnlyAccess, allow_to_publish_prod_notifs-rfq-sim, CloudWatchFullAccess, s3-full-access-to-tms-reports-archive, allow_to_publish_prod_notifs-workflow, allow-sftp-backup-access, write_s3_prod-rfq-sim, allow_to_publish_prod_notifs-settlement, allow_to_publish_prod_rfq-notification, allow-to-read-dynamo-unified-mpay-order-advices-index-prod, s3-full-access-raichu-aladdin-download-sftprpt-pending, allow_to_write_dynamotable_prod_unified-mpay-order-advices, allow_to_subscribe_prod_rfq-notification, read_s3_unified-mpay-pricing-sheet-prod, allow_to_read_dynamotable_prod_unified-mpay-order-advices, write_s3_unified-mpay-pricing-sheet-prod, allow_to_publish_prod_gmpay-events-audit_jp"
raichu-applog,allow-s3-applog-access,
rds-monitoring-role,,AmazonRDSEnhancedMonitoringRole
rds-s3-integration-role,,rds-s3-integration-policy
release-laas-prod-ZappaLambdaExecutionRole,zappa-permissions,
replication_role_for_com.m-daq.sg.mdaq-storage_to_com.m-daq.jp.m,,replication_policy_for_com.m-daq.sg.mdaq-storage_to_com.m-daq.jp.mdaq-storage
replication_role_for_com.m-daq.sg.supportdoc_to_com.m-daq.jp.sup,,replication_policy_for_com.m-daq.sg.supportdoc_to_com.m-daq.jp.supportdoc
replication_role_for_tms.m-daq.com_to_tms-bcp.m-daq.com,,replication_policy_for_tms.m-daq.com_to_tms-bcp.m-daq.com
RPA-server,,"write_s3_com.m-daq.sg.nbc.cam.closed.HRfolder, read_s3_com.m-daq.sg.nbc.cam.closed"
s3-fileserver-repl-bcp-role,,"s3crr_for_com.m-daq.sg.workflow-fileserver_to_com.m-daq.jp.workflow-fileserver, s3-fileserver-repl-bcp"
S3BucketSync-role,,"AWSLambdaBasicExecutionRole-62cdfcf6-70ac-4ddd-a122-48fad734cf51, AWSLambdaVPCAccessExecutionRole-4238083b-0f01-46b9-8a6b-156c8ff9bf0d"
s3crr_role_for_mdaq-payments-sftp-prod_to_mdaq-payments-sftp-ops,,s3crr_for_mdaq-payments-sftp-prod_to_mdaq-payments-sftp-ops-prod
S3_object_replication_mcl_turquoise_data_prod_to_uat_dev,,"allow_s3_replication_prod_to_uat_mcl_turquoise, allow_s3_replication_prod_to_mcl_turquoise_tq_data, allow_s3_replication_prod_to_dev_mcl_turquoise"
sagittarius-common-pool,,"AmazonEKSWorkerNodePolicy, AmazonEC2ContainerRegistryReadOnly, AmazonEKS_CNI_Policy, sagittarius-allow-sts, read_s3_shared-prod-sagittarius-logs20190603113127181300000006, write_s3_shared-prod-sagittarius-logs20190603113127181300000006, sagittarius-common"
sagittarius-pool-compute,,"AmazonEKSWorkerNodePolicy, AmazonEC2ContainerRegistryReadOnly, AmazonEKS_CNI_Policy, sagittarius-allow-sts"
sagittarius-pool-pricesampler,,"AmazonEKSWorkerNodePolicy, AmazonEC2ContainerRegistryReadOnly, AmazonEKS_CNI_Policy, sagittarius-allow-sts"
sagittarius-shared-prod-eks-cluster-role,,"AmazonEKSClusterPolicy, AmazonEKSServicePolicy"
SANDSLASH,,allow-start-stop-dms
sftp-logger-role-shared-prod,sftp-logger-pol-shared-prod,
shareAMIBackupToCrossAccount,,shareAMIBackupToCrossAccountPolicy
snorlax,"acme.sh_letsencrypt_rowlet_gitlab, assume_other_account_rundeck_role, full-access-snorlax-mysql-s3, graffiti-monkey, put-cloudwatch-metrics, ReadOnlyPolicy","AWSCodeCommitFullAccess, AmazonEC2RoleforSSM, Billing, allow-sendEmail-as-mdaqops, view-billing, CloudWatchReadOnlyAccess"
spotinst-iam-stack-k9xcf-M-DAQ-SpotFinOpsRole-EMFYK0OB3B5L,,"Billing, AmazonEC2ReadOnlyAccess, AWSCloudFormationReadOnlyAccess, spotinst-iam-stack-k9xcf-M-DAQ-SpotFinOpsManagedPolicy-JNXT25OFA8RC, ServiceQuotasFullAccess"
sre-ec2-cronjob-role-prod,,"allow_to_read_dynamotable_prod_aladdin-pricing, allow_to_read_dynamotable_prod_aladdin-pricing-v2, allow-get-objects-from-sre-cronjob-s3-bucket-prod, support-prod-role-policy"
stockwatcher_turq_keycloak_invocation_role-prod,allow-invoke-mdaq-internal-authorizer-prod,
support-prod-role,,support-prod-role-policy
teamcity,"s3-access-tms-bucket, teamcity-role",
techopsbot-executor,log-writer,
test-eks-worker,,"AmazonEKSWorkerNodePolicy, AmazonEC2ContainerRegistryReadOnly, AmazonEKS_CNI_Policy"
testingServer,"allow-bihourly-log-upload, s3-installers",AmazonEC2ReadOnlyAccess
tms-prod,allow-tms-buckets,
tms-storage-bcp,allow_tms_storage_bcp_read_write_s3_policy,tms-presigned-url-secret-bcp
tms-storage-prod,allow_tms_storage_prod_read_write_s3_policy,tms-presigned-url-secret-prod
tms_settlement_bcp,tms_settlement_bcp,
tms_settlement_prod,tms_settlement_prod,
TOGEPI,,allow-sre-s3-read-only-policy
trc-dev-readonly,,
TRC-temp-sync-role,,TRC-temp-sync-policy
uat-db,,CloudWatchFullAccess
uqpay-sftp-user-role-prod,uqpay-sftp-list-pol-prod,allow_read_write_s3_mdaq-uqpay-sftp-prod_role
veeam_backup,vbaws_policy,allow_veeam_backup_role_to_access_kms
version-control-system,,
vmimport,vmimport,
WENDYS,resize-bcp-servers,
workspaces_DefaultRole,SkyLightServiceAccess,
yanma,"allow-athena-access, allow-desc-dms, S3-dbbackup-full-access",

